,person_id,age,sex,household_id,district_id,economic_status,economic_activity_location_id,school_id,school_goers,manufacturing_workers
0,0,79,female,h_5221000,1,Default,1,,0,0
1,1,42,male,h_4334000,1,Default,1,,0,0
2,2,31,male,h_2667000,1,Default,1,,0,0
3,3,23,male,h_8064000,1,Default,1,,0,0
4,4,6,male,h_4104000,1,Default,1,,0,0
5,5,31,male,h_5271000,1,Default,1,,0,0
6,6,54,female,h_4805000,1,Default,1,,0,0
7,7,0,female,h_5147000,1,Default,1,,0,0
8,8,26,male,h_108000,1,Default,1,,0,0
9,9,4,male,h_2812000,1,Default,1,,0,0
10,10,24,male,h_7846000,1,Default,1,,0,0
11,11,17,female,h_7564000,1,Default,1,,0,0
12,12,13,female,h_6459000,1,Default,1,,0,0
13,13,21,female,h_160388000,1,Default,1,,0,0
14,14,21,female,h_114000,1,Default,1,,0,0
15,15,2,female,h_1985000,1,Default,1,,0,0
16,16,1,male,h_7734000,1,Default,1,,0,0
17,17,32,male,h_3453000,1,Default,1,,0,0
18,18,52,male,h_3060000,1,Default,1,,0,0
19,19,38,female,h_5034000,1,Default,1,,0,0
20,20,12,male,h_6464000,1,Default,1,,0,0
21,21,18,female,h_5702000,1,Default,1,,0,0
22,22,18,female,h_4696000,1,Default,1,,0,0
23,23,33,female,h_7306000,1,Default,1,,0,0
24,24,46,female,h_5743000,1,Default,1,,0,0
25,25,9,male,h_6337000,1,Default,1,,0,0
26,26,25,female,h_5561000,1,Default,1,,0,0
27,27,38,female,h_7471000,1,Default,1,,0,0
28,28,56,female,h_1964000,1,Default,1,,0,0
29,29,5,male,h_1294000,1,Default,1,,0,0
30,30,1,female,h_631000,1,Default,1,,0,0
31,31,7,male,h_1658000,1,Default,1,,0,0
32,32,15,female,h_7560000,1,Default,1,,0,0
33,33,12,male,h_6496000,1,Default,1,,0,0
35,35,15,female,h_6397000,1,Default,1,,0,0
36,36,34,female,h_1091000,1,Default,1,,0,0
37,37,17,male,h_3735000,1,Default,1,,0,0
38,38,14,female,h_4998000,1,Default,1,,0,0
39,39,47,female,h_8201000,1,Default,1,,0,0
40,40,24,male,h_1581000,1,Default,1,,0,0
41,41,44,male,h_788000,1,Default,1,,0,0
42,42,35,female,h_2928000,1,Default,1,,0,0
43,43,33,male,h_2686000,1,Default,1,,0,0
44,44,60,female,h_225000,1,Default,1,,0,0
45,45,15,female,h_7239000,1,Default,1,,0,0
46,46,5,female,h_5240000,1,Default,1,,0,0
47,47,0,male,h_7492000,1,Default,1,,0,0
48,48,51,female,h_680000,1,Default,1,,0,0
49,49,78,male,h_307000,1,Default,1,,0,0
50,50,11,male,h_7377000,1,Default,1,,0,0
51,51,39,male,h_5631000,1,Default,1,,0,0
52,52,1,male,h_1541000,1,Default,1,,0,0
53,53,12,male,h_8555000,1,Default,1,,0,0
54,54,3,female,h_3962000,1,Default,1,,0,0
55,55,49,male,h_1238000,1,Default,1,,0,0
56,56,7,female,h_5219000,1,Default,1,,0,0
57,57,2,female,h_8533000,1,Default,1,,0,0
58,58,17,female,h_1368000,1,Default,1,,0,0
59,59,10,female,h_6699000,1,Default,1,,0,0
60,60,40,male,h_4403000,1,Default,1,,0,0
61,61,17,male,h_7397000,1,Default,1,,0,0
62,62,20,female,h_7978000,1,Default,1,,0,0
63,63,7,female,h_27000,1,Default,1,,0,0
64,64,9,male,h_5695000,1,Default,1,,0,0
65,65,8,male,h_3770000,1,Default,1,,0,0
66,66,20,female,h_1237000,1,Default,1,,0,0
67,67,31,male,h_4280000,1,Default,1,,0,0
68,68,22,female,h_1413000,1,Default,1,,0,0
69,69,16,male,h_5003000,1,Default,1,,0,0
70,70,48,female,h_1433000,1,Default,1,,0,0
71,71,25,male,h_2716000,1,Default,1,,0,0
72,72,14,female,h_520000,1,Default,1,,0,0
73,73,31,female,h_6047000,1,Default,1,,0,0
74,74,11,female,h_4494000,1,Default,1,,0,0
278,278,21,female,h_29484000,1,Default,1,,0,0
279,279,15,male,h_29325000,1,Default,1,,0,0
280,280,11,female,h_30289000,1,Default,1,,0,0
281,281,3,male,h_30342000,1,Default,1,,0,0
282,282,31,male,h_30317000,1,Default,1,,0,0
283,283,32,female,h_30475000,1,Default,1,,0,0
284,284,15,male,h_29836000,1,Default,1,,0,0
285,285,41,male,h_30692000,1,Default,1,,0,0
286,286,30,female,h_29610000,1,Default,1,,0,0
287,287,40,male,h_29612000,1,Default,1,,0,0
288,288,37,male,h_29546000,1,Default,1,,0,0
289,289,34,female,h_30455000,1,Default,1,,0,0
290,290,50,female,h_30106000,1,Default,1,,0,0
291,291,13,male,h_29316000,1,Default,1,,0,0
292,292,73,male,h_30139000,1,Default,1,,0,0
293,293,22,female,h_30432000,1,Default,1,,0,0
407,407,11,male,h_42611000,1,Default,1,,0,0
408,408,3,female,h_42737000,1,Default,1,,0,0
409,409,23,female,h_42779000,1,Default,1,,0,0
294,294,1,female,h_32078000,1,Default,1,,0,0
295,295,9,male,h_32099000,1,Default,1,,0,0
296,296,40,female,h_31673000,1,Default,1,,0,0
297,297,23,female,h_30806000,1,Default,1,,0,0
298,298,32,female,h_31587000,1,Default,1,,0,0
299,299,12,female,h_31133000,1,Default,1,,0,0
300,300,24,female,h_30827000,1,Default,1,,0,0
301,301,9,male,h_31543000,1,Default,1,,0,0
302,302,40,female,h_31410000,1,Default,1,,0,0
303,303,79,male,h_30950000,1,Default,1,,0,0
304,304,38,female,h_31635000,1,Default,1,,0,0
305,305,3,male,h_32161000,1,Default,1,,0,0
306,306,39,male,h_30983000,1,Default,1,,0,0
307,307,10,male,h_31236000,1,Default,1,,0,0
308,308,35,female,h_32702000,1,Default,1,,0,0
309,309,13,female,h_160644000,1,Default,1,,0,0
310,310,17,male,h_33421000,1,Default,1,,0,0
311,311,1,male,h_32359000,1,Default,1,,0,0
312,312,19,male,h_33537000,1,Default,1,,0,0
313,313,49,male,h_33305000,1,Default,1,,0,0
314,314,5,male,h_33325000,1,Default,1,,0,0
315,315,23,male,h_32296000,1,Default,1,,0,0
316,316,19,male,h_32914000,1,Default,1,,0,0
317,317,62,female,h_33312000,1,Default,1,,0,0
318,318,6,female,h_33067000,1,Default,1,,0,0
319,319,0,female,h_33340000,1,Default,1,,0,0
320,320,3,female,h_33243000,1,Default,1,,0,0
321,321,72,male,h_32415000,1,Default,1,,0,0
397,397,20,male,h_41827000,1,Default,1,,0,0
398,398,8,male,h_42098000,1,Default,1,,0,0
399,399,56,female,h_41693000,1,Default,1,,0,0
400,400,14,female,h_41436000,1,Default,1,,0,0
401,401,12,female,h_41499000,1,Default,1,,0,0
402,402,34,male,h_42011000,1,Default,1,,0,0
403,403,20,female,h_41907000,1,Default,1,,0,0
404,404,36,female,h_41644000,1,Default,1,,0,0
405,405,23,male,h_41634000,1,Default,1,,0,0
406,406,0,female,h_41727000,1,Default,1,,0,0
322,322,14,female,h_35203000,1,Default,1,,0,0
323,323,3,male,h_34570000,1,Default,1,,0,0
324,324,19,female,h_34471000,1,Default,1,,0,0
325,325,15,male,h_36296000,1,Default,1,,0,0
326,326,10,male,h_34786000,1,Default,1,,0,0
327,327,20,female,h_36437000,1,Default,1,,0,0
328,328,6,male,h_35703000,1,Default,1,,0,0
329,329,0,female,h_34804000,1,Default,1,,0,0
330,330,6,male,h_34266000,1,Default,1,,0,0
331,331,45,male,h_35692000,1,Default,1,,0,0
332,332,2,female,h_35352000,1,Default,1,,0,0
333,333,69,female,h_34165000,1,Default,1,,0,0
334,334,10,female,h_34521000,1,Default,1,,0,0
335,335,24,female,h_34682000,1,Default,1,,0,0
336,336,11,male,h_36136000,1,Default,1,,0,0
337,337,22,female,h_36327000,1,Default,1,,0,0
338,338,23,male,h_36197000,1,Default,1,,0,0
339,339,36,male,h_43022000,1,Default,1,,0,0
340,340,3,female,h_35392000,1,Default,1,,0,0
341,341,0,female,h_34765000,1,Default,1,,0,0
342,342,24,female,h_34748000,1,Default,1,,0,0
343,343,10,female,h_35108000,1,Default,1,,0,0
344,344,12,female,h_42978000,1,Default,1,,0,0
345,345,14,male,h_33915000,1,Default,1,,0,0
346,346,47,male,h_36191000,1,Default,1,,0,0
347,347,37,female,h_35828000,1,Default,1,,0,0
348,348,23,female,h_34588000,1,Default,1,,0,0
349,349,6,female,h_35369000,1,Default,1,,0,0
350,350,6,male,h_37124000,1,Default,1,,0,0
351,351,23,female,h_38846000,1,Default,1,,0,0
352,352,75,female,h_36611000,1,Default,1,,0,0
353,353,23,female,h_37057000,1,Default,1,,0,0
354,354,32,male,h_39012000,1,Default,1,,0,0
355,355,14,male,h_38626000,1,Default,1,,0,0
356,356,18,male,h_37534000,1,Default,1,,0,0
357,357,1,male,h_38500000,1,Default,1,,0,0
358,358,23,male,h_39015000,1,Default,1,,0,0
359,359,6,male,h_38749000,1,Default,1,,0,0
360,360,20,female,h_38044000,1,Default,1,,0,0
361,361,58,male,h_39036000,1,Default,1,,0,0
362,362,37,female,h_38680000,1,Default,1,,0,0
363,363,29,male,h_37342000,1,Default,1,,0,0
364,364,44,female,h_37861000,1,Default,1,,0,0
365,365,6,female,h_38106000,1,Default,1,,0,0
366,366,35,female,h_38086000,1,Default,1,,0,0
367,367,65,male,h_38622000,1,Default,1,,0,0
368,368,2,female,h_38392000,1,Default,1,,0,0
369,369,17,male,h_38090000,1,Default,1,,0,0
370,370,20,male,h_37111000,1,Default,1,,0,0
371,371,0,female,h_37393000,1,Default,1,,0,0
372,372,26,female,h_37218000,1,Default,1,,0,0
373,373,62,male,h_38446000,1,Default,1,,0,0
374,374,76,female,h_37046000,1,Default,1,,0,0
375,375,19,male,h_39084000,1,Default,1,,0,0
376,376,35,female,h_39498000,1,Default,1,,0,0
378,378,26,male,h_39163000,1,Default,1,,0,0
379,379,34,male,h_39800000,1,Default,1,,0,0
380,380,59,female,h_39186000,1,Default,1,,0,0
381,381,11,male,h_39916000,1,Default,1,,0,0
382,382,12,male,h_39395000,1,Default,1,,0,0
383,383,13,female,h_40731000,1,Default,1,,0,0
384,384,19,male,h_41217000,1,Default,1,,0,0
385,385,25,male,h_40656000,1,Default,1,,0,0
386,386,11,female,h_41192000,1,Default,1,,0,0
387,387,64,male,h_40689000,1,Default,1,,0,0
388,388,2,male,h_40762000,1,Default,1,,0,0
389,389,6,female,h_40247000,1,Default,1,,0,0
390,390,10,male,h_40437000,1,Default,1,,0,0
391,391,3,female,h_40549000,1,Default,1,,0,0
392,392,8,female,h_40613000,1,Default,1,,0,0
393,393,25,male,h_40048000,1,Default,1,,0,0
394,394,20,female,h_40477000,1,Default,1,,0,0
395,395,11,female,h_40178000,1,Default,1,,0,0
396,396,16,male,h_41188000,1,Default,1,,0,0
410,410,29,male,h_44483000,1,Default,1,,0,0
411,411,12,male,h_44011000,1,Default,1,,0,0
412,412,5,female,h_44424000,1,Default,1,,0,0
413,413,35,female,h_43826000,1,Default,1,,0,0
414,414,5,female,h_43751000,1,Default,1,,0,0
415,415,1,female,h_44226000,1,Default,1,,0,0
416,416,14,male,h_44441000,1,Default,1,,0,0
417,417,11,female,h_43129000,1,Default,1,,0,0
418,418,53,female,h_43964000,1,Default,1,,0,0
419,419,21,male,h_43215000,1,Default,1,,0,0
420,420,29,male,h_44351000,1,Default,1,,0,0
422,422,5,male,h_43590000,1,Default,1,,0,0
423,423,42,male,h_43639000,1,Default,1,,0,0
424,424,36,male,h_45528000,1,Default,1,,0,0
425,425,29,male,h_44842000,1,Default,1,,0,0
426,426,38,male,h_44689000,1,Default,1,,0,0
427,427,17,female,h_45913000,1,Default,1,,0,0
428,428,31,male,h_158944000,1,Default,1,,0,0
429,429,2,female,h_46556000,1,Default,1,,0,0
430,430,20,female,h_46505000,1,Default,1,,0,0
431,431,5,male,h_46293000,1,Default,1,,0,0
432,432,31,female,h_45884000,1,Default,1,,0,0
433,433,23,female,h_46584000,1,Default,1,,0,0
434,434,25,female,h_46893000,1,Default,1,,0,0
435,435,9,female,h_44976000,1,Default,1,,0,0
436,436,39,female,h_46245000,1,Default,1,,0,0
437,437,7,male,h_47240000,1,Default,1,,0,0
438,438,9,male,h_44913000,1,Default,1,,0,0
439,439,2,male,h_45688000,1,Default,1,,0,0
440,440,11,male,h_45724000,1,Default,1,,0,0
441,441,1,male,h_46096000,1,Default,1,,0,0
442,442,17,male,h_44772000,1,Default,1,,0,0
443,443,2,female,h_47248000,1,Default,1,,0,0
444,444,56,male,h_46806000,1,Default,1,,0,0
445,445,49,male,h_158869000,1,Default,1,,0,0
446,446,28,male,h_45801000,1,Default,1,,0,0
447,447,14,female,h_45713000,1,Default,1,,0,0
448,448,38,female,h_46053000,1,Default,1,,0,0
449,449,7,male,h_46889000,1,Default,1,,0,0
559,559,35,female,h_59147000,1,Default,1,,0,0
560,560,33,female,h_59431000,1,Default,1,,0,0
561,561,4,male,h_59442000,1,Default,1,,0,0
562,562,29,female,h_59056000,1,Default,1,,0,0
563,563,1,male,h_59611000,1,Default,1,,0,0
564,564,0,male,h_59377000,1,Default,1,,0,0
565,565,41,male,h_59521000,1,Default,1,,0,0
458,458,31,female,h_48329000,1,Default,1,,0,0
459,459,4,male,h_48597000,1,Default,1,,0,0
460,460,42,male,h_49014000,1,Default,1,,0,0
461,461,4,male,h_48746000,1,Default,1,,0,0
462,462,45,male,h_49247000,1,Default,1,,0,0
463,463,6,male,h_49173000,1,Default,1,,0,0
464,464,6,female,h_48412000,1,Default,1,,0,0
465,465,49,female,h_49304000,1,Default,1,,0,0
466,466,29,female,h_48366000,1,Default,1,,0,0
467,467,12,female,h_49145000,1,Default,1,,0,0
468,468,10,male,h_49434000,1,Default,1,,0,0
469,469,13,male,h_49486000,1,Default,1,,0,0
470,470,5,male,h_48918000,1,Default,1,,0,0
471,471,3,male,h_49308000,1,Default,1,,0,0
472,472,37,male,h_48991000,1,Default,1,,0,0
553,553,10,female,h_58700000,1,Default,1,,0,0
554,554,46,male,h_58776000,1,Default,1,,0,0
555,555,31,female,h_58391000,1,Default,1,,0,0
556,556,52,female,h_58928000,1,Default,1,,0,0
557,557,0,female,h_159165000,1,Default,1,,0,0
558,558,27,female,h_58419000,1,Default,1,,0,0
1263,1263,29,male,h_131235000,1,Default,1,,0,0
1264,1264,33,male,h_131823000,1,Default,1,,0,0
1265,1265,5,female,h_131628000,1,Default,1,,0,0
1266,1266,6,female,h_130478000,1,Default,1,,0,0
1267,1267,4,male,h_131392000,1,Default,1,,0,0
1268,1268,4,male,h_130588000,1,Default,1,,0,0
1269,1269,7,male,h_130772000,1,Default,1,,0,0
1270,1270,9,female,h_130578000,1,Default,1,,0,0
1271,1271,2,female,h_130723000,1,Default,1,,0,0
1272,1272,29,female,h_130853000,1,Default,1,,0,0
1273,1273,31,male,h_130646000,1,Default,1,,0,0
1274,1274,2,female,h_130652000,1,Default,1,,0,0
1275,1275,0,female,h_130686000,1,Default,1,,0,0
1276,1276,48,female,h_150686000,1,Default,1,,0,0
1277,1277,24,male,h_145938000,1,Default,1,,0,0
1278,1278,31,female,h_136504000,1,Default,1,,0,0
1279,1279,36,female,h_145654000,1,Default,1,,0,0
1280,1280,35,female,h_148901000,1,Default,1,,0,0
1281,1281,39,female,h_135156000,1,Default,1,,0,0
1282,1282,35,female,h_142550000,1,Default,1,,0,0
1283,1283,20,female,h_135284000,1,Default,1,,0,0
1284,1284,28,male,h_141413000,1,Default,1,,0,0
1285,1285,10,male,h_149012000,1,Default,1,,0,0
1286,1286,7,female,h_139259000,1,Default,1,,0,0
1287,1287,4,male,h_140375000,1,Default,1,,0,0
1288,1288,15,female,h_147592000,1,Default,1,,0,0
1289,1289,43,female,h_135797000,1,Default,1,,0,0
1290,1290,18,male,h_144074000,1,Default,1,,0,0
1291,1291,22,female,h_142977000,1,Default,1,,0,0
1292,1292,26,male,h_137707000,1,Default,1,,0,0
1293,1293,11,male,h_134669000,1,Default,1,,0,0
1294,1294,22,female,h_142526000,1,Default,1,,0,0
1295,1295,35,female,h_148160000,1,Default,1,,0,0
1296,1296,16,female,h_137198000,1,Default,1,,0,0
1297,1297,9,female,h_134819000,1,Default,1,,0,0
1298,1298,1,female,h_150507000,1,Default,1,,0,0
1299,1299,36,female,h_133414000,1,Default,1,,0,0
1300,1300,18,male,h_150655000,1,Default,1,,0,0
1301,1301,35,male,h_139677000,1,Default,1,,0,0
1302,1302,21,female,h_148185000,1,Default,1,,0,0
1303,1303,6,female,h_135969000,1,Default,1,,0,0
1304,1304,12,female,h_136941000,1,Default,1,,0,0
1305,1305,9,male,h_141224000,1,Default,1,,0,0
1306,1306,20,female,h_135129000,1,Default,1,,0,0
1307,1307,46,male,h_150473000,1,Default,1,,0,0
1308,1308,32,female,h_150037000,1,Default,1,,0,0
1309,1309,37,female,h_151061000,1,Default,1,,0,0
1310,1310,58,female,h_149171000,1,Default,1,,0,0
1311,1311,27,male,h_145234000,1,Default,1,,0,0
1312,1312,17,female,h_140381000,1,Default,1,,0,0
1313,1313,19,female,h_137718000,1,Default,1,,0,0
1314,1314,12,female,h_145829000,1,Default,1,,0,0
1316,1316,49,female,h_150796000,1,Default,1,,0,0
1317,1317,23,female,h_132385000,1,Default,1,,0,0
1318,1318,30,female,h_145324000,1,Default,1,,0,0
1319,1319,42,male,h_143726000,1,Default,1,,0,0
1320,1320,16,male,h_143524000,1,Default,1,,0,0
1321,1321,32,female,h_143763000,1,Default,1,,0,0
1322,1322,4,female,h_145119000,1,Default,1,,0,0
1323,1323,49,female,h_136574000,1,Default,1,,0,0
1324,1324,21,female,h_142995000,1,Default,1,,0,0
1325,1325,18,female,h_135504000,1,Default,1,,0,0
1326,1326,2,female,h_136239000,1,Default,1,,0,0
1327,1327,30,male,h_139791000,1,Default,1,,0,0
1328,1328,27,male,h_144157000,1,Default,1,,0,0
1329,1329,35,female,h_145232000,1,Default,1,,0,0
1330,1330,23,female,h_145087000,1,Default,1,,0,0
1331,1331,3,male,h_146229000,1,Default,1,,0,0
1332,1332,19,male,h_146938000,1,Default,1,,0,0
1333,1333,4,male,h_147194000,1,Default,1,,0,0
1334,1334,19,female,h_150865000,1,Default,1,,0,0
1335,1335,0,female,h_148393000,1,Default,1,,0,0
1336,1336,53,male,h_144812000,1,Default,1,,0,0
1337,1337,3,female,h_143622000,1,Default,1,,0,0
1338,1338,18,female,h_141062000,1,Default,1,,0,0
1339,1339,39,female,h_150586000,1,Default,1,,0,0
1340,1340,18,male,h_145864000,1,Default,1,,0,0
1341,1341,23,female,h_140146000,1,Default,1,,0,0
1342,1342,17,male,h_139592000,1,Default,1,,0,0
1343,1343,5,male,h_147551000,1,Default,1,,0,0
1344,1344,5,female,h_134564000,1,Default,1,,0,0
1345,1345,47,male,h_141072000,1,Default,1,,0,0
1346,1346,5,male,h_133774000,1,Default,1,,0,0
1348,1348,0,female,h_160518000,1,Default,1,,0,0
1349,1349,10,male,h_146901000,1,Default,1,,0,0
1350,1350,9,female,h_142961000,1,Default,1,,0,0
1351,1351,31,female,h_139656000,1,Default,1,,0,0
1352,1352,15,male,h_146795000,1,Default,1,,0,0
1353,1353,51,female,h_134284000,1,Default,1,,0,0
1354,1354,5,female,h_144440000,1,Default,1,,0,0
1355,1355,30,female,h_150580000,1,Default,1,,0,0
1356,1356,34,male,h_146100000,1,Default,1,,0,0
1357,1357,38,female,h_143532000,1,Default,1,,0,0
1358,1358,10,female,h_147786000,1,Default,1,,0,0
1359,1359,51,male,h_140472000,1,Default,1,,0,0
1360,1360,17,female,h_135133000,1,Default,1,,0,0
1361,1361,24,male,h_160584000,1,Default,1,,0,0
1362,1362,46,female,h_136004000,1,Default,1,,0,0
1363,1363,10,male,h_138896000,1,Default,1,,0,0
1364,1364,4,female,h_147031000,1,Default,1,,0,0
1365,1365,20,male,h_132024000,1,Default,1,,0,0
1366,1366,25,male,h_145862000,1,Default,1,,0,0
1367,1367,19,male,h_150418000,1,Default,1,,0,0
1368,1368,40,male,h_135351000,1,Default,1,,0,0
1369,1369,19,female,h_134916000,1,Default,1,,0,0
1370,1370,33,female,h_151093000,1,Default,1,,0,0
1371,1371,35,female,h_132748000,1,Default,1,,0,0
1372,1372,67,female,h_145953000,1,Default,1,,0,0
1373,1373,41,male,h_144085000,1,Default,1,,0,0
1374,1374,61,male,h_135073000,1,Default,1,,0,0
1375,1375,39,female,h_139224000,1,Default,1,,0,0
1376,1376,25,male,h_148756000,1,Default,1,,0,0
1377,1377,10,female,h_142686000,1,Default,1,,0,0
1378,1378,17,male,h_145428000,1,Default,1,,0,0
1379,1379,20,male,h_144923000,1,Default,1,,0,0
1380,1380,13,female,h_149674000,1,Default,1,,0,0
1381,1381,12,male,h_136835000,1,Default,1,,0,0
1382,1382,20,female,h_135301000,1,Default,1,,0,0
1383,1383,1,male,h_134883000,1,Default,1,,0,0
1384,1384,30,female,h_135800000,1,Default,1,,0,0
1385,1385,34,male,h_146658000,1,Default,1,,0,0
1386,1386,41,male,h_142126000,1,Default,1,,0,0
1387,1387,0,female,h_134738000,1,Default,1,,0,0
1388,1388,19,female,h_148288000,1,Default,1,,0,0
1389,1389,22,male,h_132760000,1,Default,1,,0,0
1390,1390,35,male,h_135135000,1,Default,1,,0,0
1391,1391,37,female,h_150083000,1,Default,1,,0,0
1392,1392,3,female,h_148281000,1,Default,1,,0,0
1393,1393,17,female,h_150241000,1,Default,1,,0,0
1394,1394,26,female,h_150968000,1,Default,1,,0,0
1395,1395,2,female,h_136239000,1,Default,1,,0,0
1396,1396,7,female,h_142840000,1,Default,1,,0,0
1397,1397,37,female,h_146766000,1,Default,1,,0,0
1398,1398,0,female,h_150355000,1,Default,1,,0,0
1399,1399,47,female,h_145413000,1,Default,1,,0,0
1400,1400,21,female,h_144730000,1,Default,1,,0,0
1401,1401,24,female,h_142224000,1,Default,1,,0,0
1402,1402,30,female,h_136217000,1,Default,1,,0,0
1403,1403,18,male,h_137611000,1,Default,1,,0,0
1404,1404,28,female,h_143097000,1,Default,1,,0,0
1405,1405,10,female,h_151105000,1,Default,1,,0,0
1406,1406,40,male,h_141822000,1,Default,1,,0,0
1407,1407,56,female,h_132166000,1,Default,1,,0,0
1408,1408,14,male,h_150006000,1,Default,1,,0,0
1409,1409,38,male,h_149722000,1,Default,1,,0,0
1410,1410,40,male,h_140705000,1,Default,1,,0,0
1411,1411,27,female,h_141717000,1,Default,1,,0,0
1412,1412,13,female,h_133879000,1,Default,1,,0,0
1413,1413,22,female,h_142157000,1,Default,1,,0,0
1414,1414,0,female,h_149822000,1,Default,1,,0,0
1415,1415,16,male,h_143009000,1,Default,1,,0,0
1416,1416,7,female,h_144091000,1,Default,1,,0,0
1417,1417,7,male,h_133568000,1,Default,1,,0,0
1418,1418,2,female,h_141061000,1,Default,1,,0,0
1419,1419,4,male,h_133449000,1,Default,1,,0,0
1420,1420,60,female,h_143598000,1,Default,1,,0,0
1421,1421,25,female,h_141897000,1,Default,1,,0,0
1422,1422,62,male,h_136011000,1,Default,1,,0,0
1423,1423,37,female,h_133962000,1,Default,1,,0,0
1424,1424,22,male,h_143399000,1,Default,1,,0,0
1425,1425,1,female,h_146263000,1,Default,1,,0,0
1426,1426,4,female,h_140108000,1,Default,1,,0,0
1427,1427,26,male,h_138349000,1,Default,1,,0,0
1428,1428,4,female,h_148358000,1,Default,1,,0,0
1429,1429,13,female,h_147605000,1,Default,1,,0,0
1430,1430,40,male,h_146937000,1,Default,1,,0,0
1431,1431,20,female,h_146601000,1,Default,1,,0,0
1432,1432,1,male,h_147072000,1,Default,1,,0,0
1433,1433,1,male,h_133847000,1,Default,1,,0,0
1434,1434,40,male,h_151029000,1,Default,1,,0,0
1435,1435,27,male,h_137638000,1,Default,1,,0,0
1436,1436,34,male,h_160531000,1,Default,1,,0,0
1437,1437,42,female,h_138117000,1,Default,1,,0,0
1438,1438,4,male,h_142168000,1,Default,1,,0,0
1439,1439,15,male,h_138400000,1,Default,1,,0,0
1440,1440,5,male,h_149422000,1,Default,1,,0,0
1441,1441,19,female,h_133086000,1,Default,1,,0,0
1442,1442,24,female,h_132017000,1,Default,1,,0,0
1443,1443,7,female,h_139714000,1,Default,1,,0,0
1444,1444,28,female,h_138739000,1,Default,1,,0,0
1445,1445,4,female,h_155666000,1,Default,1,,0,0
1446,1446,30,male,h_152406000,1,Default,1,,0,0
1447,1447,2,male,h_152286000,1,Default,1,,0,0
1448,1448,57,male,h_155415000,1,Default,1,,0,0
1449,1449,26,female,h_151968000,1,Default,1,,0,0
1450,1450,2,female,h_153962000,1,Default,1,,0,0
1451,1451,23,female,h_155608000,1,Default,1,,0,0
1452,1452,27,male,h_151744000,1,Default,1,,0,0
1453,1453,6,female,h_154788000,1,Default,1,,0,0
1454,1454,3,female,h_152374000,1,Default,1,,0,0
1455,1455,33,male,h_152925000,1,Default,1,,0,0
1456,1456,10,male,h_151423000,1,Default,1,,0,0
1457,1457,16,male,h_153671000,1,Default,1,,0,0
1458,1458,24,male,h_155548000,1,Default,1,,0,0
1459,1459,22,female,h_154740000,1,Default,1,,0,0
1460,1460,30,male,h_154039000,1,Default,1,,0,0
1461,1461,15,female,h_154647000,1,Default,1,,0,0
1462,1462,26,female,h_155260000,1,Default,1,,0,0
1463,1463,5,male,h_153928000,1,Default,1,,0,0
1464,1464,28,female,h_152593000,1,Default,1,,0,0
1465,1465,1,male,h_154990000,1,Default,1,,0,0
1466,1466,4,female,h_154137000,1,Default,1,,0,0
1467,1467,37,male,h_151610000,1,Default,1,,0,0
1468,1468,28,female,h_154412000,1,Default,1,,0,0
1469,1469,44,female,h_153356000,1,Default,1,,0,0
1470,1470,58,female,h_152779000,1,Default,1,,0,0
1471,1471,24,female,h_154217000,1,Default,1,,0,0
1472,1472,4,male,h_153676000,1,Default,1,,0,0
1473,1473,15,male,h_152280000,1,Default,1,,0,0
1474,1474,17,female,h_153876000,1,Default,1,,0,0
1475,1475,28,female,h_155636000,1,Default,1,,0,0
1476,1476,17,female,h_154551000,1,Default,1,,0,0
1477,1477,0,male,h_153960000,1,Default,1,,0,0
1478,1478,13,female,h_154965000,1,Default,1,,0,0
1479,1479,9,female,h_153137000,1,Default,1,,0,0
1480,1480,32,male,h_151925000,1,Default,1,,0,0
1481,1481,4,male,h_155600000,1,Default,1,,0,0
1482,1482,2,male,h_154703000,1,Default,1,,0,0
1483,1483,10,male,h_152309000,1,Default,1,,0,0
1484,1484,4,male,h_153676000,1,Default,1,,0,0
1485,1485,6,male,h_151883000,1,Default,1,,0,0
1486,1486,32,male,h_153856000,1,Default,1,,0,0
1487,1487,21,male,h_157098000,1,Default,1,,0,0
1488,1488,1,male,h_157669000,1,Default,1,,0,0
1489,1489,7,male,h_157719000,1,Default,1,,0,0
1490,1490,18,male,h_157468000,1,Default,1,,0,0
1491,1491,0,female,h_157333000,1,Default,1,,0,0
1492,1492,26,male,h_156329000,1,Default,1,,0,0
1493,1493,3,female,h_157805000,1,Default,1,,0,0
1494,1494,12,female,h_156458000,1,Default,1,,0,0
1495,1495,27,male,h_156935000,1,Default,1,,0,0
1496,1496,35,female,h_157092000,1,Default,1,,0,0
1497,1497,41,male,h_157970000,1,Default,1,,0,0
1498,1498,31,male,h_156836000,1,Default,1,,0,0
1499,1499,27,female,h_156922000,1,Default,1,,0,0
1500,1500,2,male,h_156269000,1,Default,1,,0,0
1501,1501,33,female,h_157776000,1,Default,1,,0,0
1502,1502,35,female,h_157687000,1,Default,1,,0,0
1503,1503,46,male,h_156634000,1,Default,1,,0,0
1504,1504,74,male,h_156675000,1,Default,1,,0,0
1505,1505,27,female,h_157988000,1,Default,1,,0,0
1506,1506,29,male,h_157539000,1,Default,1,,0,0
473,473,32,female,h_49883000,1,Default,1,,0,0
474,474,27,male,h_51414000,1,Default,1,,0,0
475,475,0,male,h_50334000,1,Default,1,,0,0
476,476,43,male,h_50801000,1,Default,1,,0,0
477,477,5,female,h_51438000,1,Default,1,,0,0
478,478,23,male,h_50620000,1,Default,1,,0,0
479,479,16,male,h_50716000,1,Default,1,,0,0
480,480,11,female,h_51074000,1,Default,1,,0,0
481,481,2,female,h_50294000,1,Default,1,,0,0
482,482,3,male,h_51317000,1,Default,1,,0,0
483,483,7,female,h_51051000,1,Default,1,,0,0
484,484,11,male,h_50564000,1,Default,1,,0,0
485,485,87,female,h_50126000,1,Default,1,,0,0
486,486,51,female,h_50337000,1,Default,1,,0,0
487,487,17,female,h_51305000,1,Default,1,,0,0
488,488,29,female,h_52943000,1,Default,1,,0,0
489,489,1,male,h_53762000,1,Default,1,,0,0
490,490,2,male,h_52008000,1,Default,1,,0,0
491,491,69,male,h_53545000,1,Default,1,,0,0
492,492,1,female,h_52969000,1,Default,1,,0,0
493,493,4,male,h_53138000,1,Default,1,,0,0
494,494,14,female,h_53000000,1,Default,1,,0,0
495,495,10,male,h_52139000,1,Default,1,,0,0
496,496,43,female,h_52653000,1,Default,1,,0,0
497,497,80,male,h_53498000,1,Default,1,,0,0
498,498,25,female,h_51690000,1,Default,1,,0,0
499,499,3,male,h_51900000,1,Default,1,,0,0
500,500,65,male,h_53090000,1,Default,1,,0,0
501,501,32,male,h_53269000,1,Default,1,,0,0
502,502,8,male,h_159048000,1,Default,1,,0,0
503,503,17,male,h_52329000,1,Default,1,,0,0
504,504,19,male,h_53093000,1,Default,1,,0,0
505,505,37,male,h_160660000,1,Default,1,,0,0
506,506,31,female,h_160662000,1,Default,1,,0,0
507,507,24,male,h_52947000,1,Default,1,,0,0
508,508,2,female,h_52558000,1,Default,1,,0,0
509,509,0,female,h_53526000,1,Default,1,,0,0
510,510,9,male,h_53556000,1,Default,1,,0,0
511,511,84,male,h_54087000,1,Default,1,,0,0
512,512,25,female,h_55055000,1,Default,1,,0,0
513,513,30,female,h_55255000,1,Default,1,,0,0
514,514,9,female,h_54789000,1,Default,1,,0,0
515,515,15,female,h_54463000,1,Default,1,,0,0
516,516,40,female,h_54494000,1,Default,1,,0,0
517,517,36,male,h_54110000,1,Default,1,,0,0
518,518,20,female,h_55584000,1,Default,1,,0,0
519,519,29,female,h_54275000,1,Default,1,,0,0
520,520,12,female,h_54048000,1,Default,1,,0,0
521,521,9,male,h_55332000,1,Default,1,,0,0
522,522,0,male,h_55175000,1,Default,1,,0,0
523,523,7,female,h_53983000,1,Default,1,,0,0
524,524,24,male,h_160663000,1,Default,1,,0,0
525,525,4,female,h_54986000,1,Default,1,,0,0
526,526,13,male,h_55091000,1,Default,1,,0,0
527,527,32,female,h_159062000,1,Default,1,,0,0
528,528,33,female,h_56522000,1,Default,1,,0,0
529,529,48,male,h_56499000,1,Default,1,,0,0
530,530,51,male,h_56400000,1,Default,1,,0,0
531,531,43,male,h_55872000,1,Default,1,,0,0
532,532,32,male,h_56315000,1,Default,1,,0,0
533,533,1,female,h_55701000,1,Default,1,,0,0
534,534,75,female,h_56800000,1,Default,1,,0,0
535,535,19,female,h_55671000,1,Default,1,,0,0
536,536,29,female,h_56596000,1,Default,1,,0,0
537,537,29,male,h_159094000,1,Default,1,,0,0
538,538,4,male,h_55766000,1,Default,1,,0,0
539,539,18,female,h_159091000,1,Default,1,,0,0
540,540,37,male,h_57134000,1,Default,1,,0,0
541,541,6,female,h_58019000,1,Default,1,,0,0
542,542,34,female,h_58170000,1,Default,1,,0,0
543,543,10,male,h_57778000,1,Default,1,,0,0
544,544,13,male,h_57075000,1,Default,1,,0,0
545,545,7,male,h_57743000,1,Default,1,,0,0
546,546,9,male,h_57635000,1,Default,1,,0,0
547,547,32,female,h_57761000,1,Default,1,,0,0
548,548,76,female,h_57717000,1,Default,1,,0,0
549,549,31,female,h_57061000,1,Default,1,,0,0
550,550,48,female,h_57206000,1,Default,1,,0,0
551,551,36,female,h_57556000,1,Default,1,,0,0
552,552,29,female,h_56857000,1,Default,1,,0,0
450,450,5,male,h_47599000,1,Default,1,,0,0
451,451,25,male,h_48034000,1,Default,1,,0,0
452,452,23,male,h_47883000,1,Default,1,,0,0
453,453,5,female,h_47595000,1,Default,1,,0,0
454,454,37,female,h_48021000,1,Default,1,,0,0
455,455,7,male,h_47791000,1,Default,1,,0,0
456,456,10,male,h_47759000,1,Default,1,,0,0
457,457,26,male,h_48247000,1,Default,1,,0,0
566,566,16,female,h_60768000,1,Default,1,,0,0
567,567,39,male,h_60013000,1,Default,1,,0,0
568,568,10,male,h_60679000,1,Default,1,,0,0
569,569,20,female,h_60879000,1,Default,1,,0,0
570,570,2,male,h_60791000,1,Default,1,,0,0
571,571,76,female,h_60393000,1,Default,1,,0,0
572,572,16,female,h_60234000,1,Default,1,,0,0
573,573,3,male,h_61456000,1,Default,1,,0,0
574,574,13,male,h_60057000,1,Default,1,,0,0
575,575,6,female,h_60273000,1,Default,1,,0,0
576,576,42,male,h_60375000,1,Default,1,,0,0
577,577,36,female,h_60121000,1,Default,1,,0,0
578,578,28,male,h_59802000,1,Default,1,,0,0
579,579,43,male,h_60806000,1,Default,1,,0,0
580,580,29,male,h_60163000,1,Default,1,,0,0
581,581,37,male,h_59782000,1,Default,1,,0,0
582,582,56,female,h_61390000,1,Default,1,,0,0
724,724,3,female,h_75876000,1,Default,1,,0,0
725,725,17,female,h_75871000,1,Default,1,,0,0
726,726,30,female,h_75921000,1,Default,1,,0,0
727,727,27,female,h_75998000,1,Default,1,,0,0
730,730,33,male,h_76517000,1,Default,1,,0,0
731,731,0,female,h_76955000,1,Default,1,,0,0
732,732,16,female,h_76663000,1,Default,1,,0,0
733,733,20,female,h_77220000,1,Default,1,,0,0
734,734,40,male,h_76794000,1,Default,1,,0,0
735,735,2,male,h_76722000,1,Default,1,,0,0
736,736,27,female,h_76776000,1,Default,1,,0,0
737,737,17,male,h_77007000,1,Default,1,,0,0
738,738,31,male,h_77253000,1,Default,1,,0,0
739,739,3,male,h_76994000,1,Default,1,,0,0
583,583,42,male,h_77640000,1,Default,1,,0,0
584,584,30,male,h_64508000,1,Default,1,,0,0
585,585,27,male,h_160671000,1,Default,1,,0,0
586,586,63,female,h_64307000,1,Default,1,,0,0
587,587,36,female,h_63481000,1,Default,1,,0,0
588,588,17,female,h_61631000,1,Default,1,,0,0
589,589,6,female,h_64289000,1,Default,1,,0,0
590,590,9,male,h_63215000,1,Default,1,,0,0
591,591,38,female,h_62423000,1,Default,1,,0,0
592,592,22,male,h_77561000,1,Default,1,,0,0
593,593,45,female,h_65234000,1,Default,1,,0,0
594,594,15,male,h_64766000,1,Default,1,,0,0
595,595,17,male,h_77377000,1,Default,1,,0,0
596,596,72,female,h_64283000,1,Default,1,,0,0
597,597,10,female,h_61617000,1,Default,1,,0,0
598,598,16,male,h_65220000,1,Default,1,,0,0
599,599,1,female,h_61938000,1,Default,1,,0,0
600,600,21,female,h_64381000,1,Default,1,,0,0
601,601,30,male,h_64528000,1,Default,1,,0,0
602,602,35,male,h_65042000,1,Default,1,,0,0
604,604,20,male,h_62357000,1,Default,1,,0,0
605,605,15,male,h_63324000,1,Default,1,,0,0
606,606,16,female,h_62953000,1,Default,1,,0,0
607,607,0,female,h_65102000,1,Default,1,,0,0
608,608,8,male,h_64803000,1,Default,1,,0,0
609,609,1,male,h_64657000,1,Default,1,,0,0
610,610,10,male,h_63676000,1,Default,1,,0,0
611,611,11,female,h_63075000,1,Default,1,,0,0
612,612,13,male,h_160671000,1,Default,1,,0,0
613,613,22,female,h_77697000,1,Default,1,,0,0
614,614,29,male,h_77519000,1,Default,1,,0,0
615,615,17,female,h_63232000,1,Default,1,,0,0
616,616,4,female,h_64860000,1,Default,1,,0,0
617,617,9,male,h_64450000,1,Default,1,,0,0
618,618,51,female,h_160672000,1,Default,1,,0,0
619,619,3,male,h_160685000,1,Default,1,,0,0
621,621,24,male,h_64252000,1,Default,1,,0,0
622,622,83,female,h_63045000,1,Default,1,,0,0
623,623,12,male,h_62095000,1,Default,1,,0,0
624,624,17,female,h_65908000,1,Default,1,,0,0
625,625,18,female,h_65479000,1,Default,1,,0,0
626,626,5,female,h_66006000,1,Default,1,,0,0
627,627,26,female,h_65630000,1,Default,1,,0,0
628,628,12,female,h_65691000,1,Default,1,,0,0
629,629,18,female,h_66275000,1,Default,1,,0,0
630,630,41,male,h_65697000,1,Default,1,,0,0
631,631,31,male,h_65994000,1,Default,1,,0,0
687,687,18,female,h_72074000,1,Default,1,,0,0
688,688,4,male,h_72680000,1,Default,1,,0,0
689,689,21,male,h_72488000,1,Default,1,,0,0
690,690,11,female,h_72128000,1,Default,1,,0,0
691,691,31,female,h_72493000,1,Default,1,,0,0
692,692,12,male,h_72216000,1,Default,1,,0,0
693,693,63,female,h_72869000,1,Default,1,,0,0
694,694,33,male,h_72728000,1,Default,1,,0,0
695,695,5,male,h_72724000,1,Default,1,,0,0
696,696,45,male,h_72985000,1,Default,1,,0,0
697,697,19,female,h_72416000,1,Default,1,,0,0
698,698,50,male,h_73118000,1,Default,1,,0,0
699,699,21,female,h_73081000,1,Default,1,,0,0
700,700,17,male,h_72412000,1,Default,1,,0,0
701,701,17,female,h_72378000,1,Default,1,,0,0
702,702,56,female,h_72705000,1,Default,1,,0,0
703,703,30,male,h_72292000,1,Default,1,,0,0
713,713,22,male,h_160683000,1,Default,1,,0,0
714,714,26,male,h_75298000,1,Default,1,,0,0
715,715,31,male,h_74789000,1,Default,1,,0,0
716,716,4,female,h_74571000,1,Default,1,,0,0
717,717,51,female,h_75322000,1,Default,1,,0,0
718,718,10,female,h_75011000,1,Default,1,,0,0
719,719,26,male,h_74378000,1,Default,1,,0,0
720,720,2,female,h_74522000,1,Default,1,,0,0
721,721,24,female,h_74314000,1,Default,1,,0,0
722,722,24,female,h_74468000,1,Default,1,,0,0
723,723,34,female,h_160683000,1,Default,1,,0,0
632,632,20,female,h_66587000,1,Default,1,,0,0
633,633,66,female,h_66782000,1,Default,1,,0,0
634,634,15,female,h_66653000,1,Default,1,,0,0
635,635,53,female,h_66603000,1,Default,1,,0,0
636,636,6,female,h_66556000,1,Default,1,,0,0
637,637,23,female,h_66790000,1,Default,1,,0,0
728,728,39,male,h_76148000,1,Default,1,,0,0
729,729,42,male,h_76160000,1,Default,1,,0,0
75,75,16,female,h_10090000,1,Default,1,,0,0
76,76,17,male,h_9165000,1,Default,1,,0,0
77,77,9,female,h_9400000,1,Default,1,,0,0
78,78,6,male,h_10581000,1,Default,1,,0,0
79,79,6,female,h_10804000,1,Default,1,,0,0
80,80,11,female,h_10398000,1,Default,1,,0,0
81,81,9,female,h_9815000,1,Default,1,,0,0
82,82,13,female,h_11192000,1,Default,1,,0,0
83,83,0,female,h_9231000,1,Default,1,,0,0
84,84,29,female,h_9056000,1,Default,1,,0,0
85,85,26,female,h_11153000,1,Default,1,,0,0
86,86,17,female,h_9974000,1,Default,1,,0,0
87,87,3,male,h_158197000,1,Default,1,,0,0
88,88,17,male,h_8890000,1,Default,1,,0,0
89,89,13,female,h_8610000,1,Default,1,,0,0
90,90,12,male,h_9621000,1,Default,1,,0,0
91,91,58,female,h_8646000,1,Default,1,,0,0
92,92,36,male,h_9037000,1,Default,1,,0,0
93,93,7,female,h_158159000,1,Default,1,,0,0
94,94,18,male,h_11312000,1,Default,1,,0,0
95,95,24,male,h_10697000,1,Default,1,,0,0
96,96,13,female,h_9497000,1,Default,1,,0,0
97,97,20,female,h_9133000,1,Default,1,,0,0
98,98,43,male,h_9100000,1,Default,1,,0,0
99,99,4,male,h_10172000,1,Default,1,,0,0
100,100,18,male,h_9268000,1,Default,1,,0,0
101,101,15,female,h_9179000,1,Default,1,,0,0
102,102,54,male,h_10940000,1,Default,1,,0,0
103,103,21,male,h_10939000,1,Default,1,,0,0
638,638,23,female,h_67199000,1,Default,1,,0,0
639,639,5,male,h_67353000,1,Default,1,,0,0
640,640,54,female,h_68370000,1,Default,1,,0,0
641,641,1,male,h_67204000,1,Default,1,,0,0
642,642,16,male,h_67369000,1,Default,1,,0,0
643,643,51,male,h_67824000,1,Default,1,,0,0
644,644,7,male,h_68222000,1,Default,1,,0,0
645,645,10,male,h_68674000,1,Default,1,,0,0
646,646,20,male,h_68670000,1,Default,1,,0,0
647,647,34,male,h_67066000,1,Default,1,,0,0
648,648,4,male,h_67999000,1,Default,1,,0,0
649,649,21,female,h_67773000,1,Default,1,,0,0
650,650,28,female,h_67214000,1,Default,1,,0,0
651,651,24,female,h_67905000,1,Default,1,,0,0
652,652,13,female,h_67396000,1,Default,1,,0,0
653,653,23,female,h_67786000,1,Default,1,,0,0
654,654,35,male,h_68501000,1,Default,1,,0,0
655,655,7,male,h_68502000,1,Default,1,,0,0
704,704,38,female,h_73981000,1,Default,1,,0,0
705,705,15,male,h_73754000,1,Default,1,,0,0
706,706,14,female,h_74090000,1,Default,1,,0,0
707,707,0,male,h_73826000,1,Default,1,,0,0
708,708,45,female,h_74217000,1,Default,1,,0,0
709,709,27,female,h_73747000,1,Default,1,,0,0
710,710,6,male,h_74089000,1,Default,1,,0,0
711,711,22,male,h_74217000,1,Default,1,,0,0
712,712,40,male,h_73349000,1,Default,1,,0,0
656,656,3,female,h_70650000,1,Default,1,,0,0
657,657,12,female,h_71101000,1,Default,1,,0,0
658,658,1,male,h_70792000,1,Default,1,,0,0
659,659,5,male,h_69051000,1,Default,1,,0,0
660,660,9,male,h_71087000,1,Default,1,,0,0
661,661,25,male,h_69527000,1,Default,1,,0,0
662,662,25,female,h_69318000,1,Default,1,,0,0
663,663,8,male,h_69485000,1,Default,1,,0,0
664,664,55,male,h_71357000,1,Default,1,,0,0
665,665,4,male,h_69768000,1,Default,1,,0,0
666,666,41,male,h_71119000,1,Default,1,,0,0
667,667,44,male,h_70086000,1,Default,1,,0,0
668,668,1,male,h_71687000,1,Default,1,,0,0
669,669,48,female,h_69329000,1,Default,1,,0,0
670,670,20,male,h_70777000,1,Default,1,,0,0
671,671,40,female,h_70414000,1,Default,1,,0,0
672,672,10,female,h_71704000,1,Default,1,,0,0
673,673,21,female,h_68859000,1,Default,1,,0,0
674,674,16,female,h_69798000,1,Default,1,,0,0
675,675,26,female,h_69268000,1,Default,1,,0,0
676,676,42,male,h_71886000,1,Default,1,,0,0
677,677,5,male,h_69995000,1,Default,1,,0,0
678,678,35,female,h_68752000,1,Default,1,,0,0
679,679,19,male,h_71344000,1,Default,1,,0,0
680,680,7,female,h_70136000,1,Default,1,,0,0
681,681,6,female,h_71214000,1,Default,1,,0,0
682,682,17,female,h_71497000,1,Default,1,,0,0
683,683,1,male,h_69607000,1,Default,1,,0,0
684,684,3,male,h_70575000,1,Default,1,,0,0
685,685,11,female,h_69854000,1,Default,1,,0,0
686,686,14,male,h_70402000,1,Default,1,,0,0
1092,1092,0,female,h_114846000,1,Default,1,,0,0
1093,1093,10,female,h_114546000,1,Default,1,,0,0
1094,1094,3,female,h_114375000,1,Default,1,,0,0
1095,1095,49,male,h_114276000,1,Default,1,,0,0
1096,1096,29,female,h_113396000,1,Default,1,,0,0
1097,1097,18,female,h_114022000,1,Default,1,,0,0
1098,1098,4,female,h_113794000,1,Default,1,,0,0
1099,1099,49,male,h_114285000,1,Default,1,,0,0
1100,1100,14,male,h_114289000,1,Default,1,,0,0
1101,1101,9,male,h_114335000,1,Default,1,,0,0
1102,1102,1,female,h_114238000,1,Default,1,,0,0
1103,1103,7,female,h_159924000,1,Default,1,,0,0
1104,1104,0,male,h_114340000,1,Default,1,,0,0
1105,1105,14,female,h_114297000,1,Default,1,,0,0
1106,1106,11,female,h_114205000,1,Default,1,,0,0
1107,1107,17,male,h_114653000,1,Default,1,,0,0
1108,1108,10,female,h_114224000,1,Default,1,,0,0
1109,1109,30,female,h_114298000,1,Default,1,,0,0
1110,1110,40,male,h_114506000,1,Default,1,,0,0
1111,1111,18,female,h_118017000,1,Default,1,,0,0
1112,1112,3,female,h_116573000,1,Default,1,,0,0
1113,1113,5,male,h_116716000,1,Default,1,,0,0
1114,1114,10,male,h_115477000,1,Default,1,,0,0
1115,1115,25,female,h_117560000,1,Default,1,,0,0
1116,1116,35,male,h_116289000,1,Default,1,,0,0
1117,1117,13,male,h_116491000,1,Default,1,,0,0
1118,1118,3,male,h_116405000,1,Default,1,,0,0
1119,1119,15,female,h_160028000,1,Default,1,,0,0
1120,1120,42,female,h_116269000,1,Default,1,,0,0
1121,1121,35,male,h_117077000,1,Default,1,,0,0
1122,1122,14,male,h_116873000,1,Default,1,,0,0
1123,1123,3,male,h_160084000,1,Default,1,,0,0
1124,1124,17,male,h_117133000,1,Default,1,,0,0
1125,1125,23,male,h_115230000,1,Default,1,,0,0
1126,1126,22,female,h_116256000,1,Default,1,,0,0
1127,1127,53,male,h_115982000,1,Default,1,,0,0
1128,1128,11,male,h_114996000,1,Default,1,,0,0
1129,1129,52,male,h_116713000,1,Default,1,,0,0
1130,1130,16,male,h_117732000,1,Default,1,,0,0
1131,1131,1,male,h_117307000,1,Default,1,,0,0
1132,1132,13,male,h_116465000,1,Default,1,,0,0
1133,1133,5,male,h_114990000,1,Default,1,,0,0
1134,1134,59,female,h_117439000,1,Default,1,,0,0
1135,1135,30,female,h_116912000,1,Default,1,,0,0
1136,1136,0,female,h_160069000,1,Default,1,,0,0
1137,1137,30,male,h_116915000,1,Default,1,,0,0
1138,1138,19,female,h_116354000,1,Default,1,,0,0
1139,1139,70,female,h_117135000,1,Default,1,,0,0
1140,1140,5,female,h_117194000,1,Default,1,,0,0
1141,1141,11,male,h_118118000,1,Default,1,,0,0
1142,1142,15,male,h_117599000,1,Default,1,,0,0
1143,1143,7,male,h_115978000,1,Default,1,,0,0
1261,1261,30,female,h_130172000,1,Default,1,,0,0
1262,1262,2,male,h_130414000,1,Default,1,,0,0
1144,1144,27,female,h_119802000,1,Default,1,,0,0
1145,1145,6,male,h_119184000,1,Default,1,,0,0
1146,1146,13,male,h_119787000,1,Default,1,,0,0
1147,1147,11,male,h_119484000,1,Default,1,,0,0
1148,1148,17,female,h_120038000,1,Default,1,,0,0
1149,1149,23,female,h_119628000,1,Default,1,,0,0
1150,1150,36,male,h_119736000,1,Default,1,,0,0
1151,1151,30,female,h_119729000,1,Default,1,,0,0
1152,1152,13,male,h_118217000,1,Default,1,,0,0
1153,1153,52,female,h_119132000,1,Default,1,,0,0
1154,1154,19,male,h_118521000,1,Default,1,,0,0
1155,1155,13,male,h_120029000,1,Default,1,,0,0
1156,1156,14,male,h_118763000,1,Default,1,,0,0
1157,1157,5,female,h_118494000,1,Default,1,,0,0
1158,1158,36,female,h_119698000,1,Default,1,,0,0
1159,1159,36,male,h_119694000,1,Default,1,,0,0
1160,1160,10,male,h_118963000,1,Default,1,,0,0
1161,1161,66,female,h_120057000,1,Default,1,,0,0
1162,1162,76,female,h_119854000,1,Default,1,,0,0
1163,1163,33,female,h_120948000,1,Default,1,,0,0
1164,1164,1,female,h_120673000,1,Default,1,,0,0
1165,1165,2,female,h_122170000,1,Default,1,,0,0
1166,1166,1,female,h_120268000,1,Default,1,,0,0
1167,1167,29,female,h_121904000,1,Default,1,,0,0
1168,1168,30,female,h_121027000,1,Default,1,,0,0
1169,1169,94,male,h_121929000,1,Default,1,,0,0
1170,1170,22,female,h_121122000,1,Default,1,,0,0
1171,1171,17,male,h_121436000,1,Default,1,,0,0
1172,1172,12,male,h_121312000,1,Default,1,,0,0
1173,1173,33,female,h_122140000,1,Default,1,,0,0
1174,1174,27,male,h_121439000,1,Default,1,,0,0
1175,1175,12,female,h_122164000,1,Default,1,,0,0
1176,1176,30,male,h_120193000,1,Default,1,,0,0
1177,1177,17,female,h_122534000,1,Default,1,,0,0
1178,1178,28,male,h_122240000,1,Default,1,,0,0
1179,1179,32,female,h_121453000,1,Default,1,,0,0
1180,1180,73,female,h_122019000,1,Default,1,,0,0
1181,1181,28,female,h_122167000,1,Default,1,,0,0
1182,1182,63,female,h_120557000,1,Default,1,,0,0
1183,1183,4,male,h_121502000,1,Default,1,,0,0
1184,1184,5,male,h_121354000,1,Default,1,,0,0
1185,1185,12,male,h_120629000,1,Default,1,,0,0
1186,1186,4,male,h_123023000,1,Default,1,,0,0
1187,1187,2,female,h_122817000,1,Default,1,,0,0
1188,1188,15,female,h_123100000,1,Default,1,,0,0
1189,1189,15,male,h_160152000,1,Default,1,,0,0
1190,1190,28,female,h_123105000,1,Default,1,,0,0
1191,1191,23,female,h_123059000,1,Default,1,,0,0
1192,1192,12,female,h_124553000,1,Default,1,,0,0
1193,1193,9,female,h_123280000,1,Default,1,,0,0
1194,1194,29,female,h_124902000,1,Default,1,,0,0
1195,1195,10,female,h_122706000,1,Default,1,,0,0
1196,1196,10,female,h_124136000,1,Default,1,,0,0
1197,1197,56,female,h_124372000,1,Default,1,,0,0
1198,1198,7,male,h_124653000,1,Default,1,,0,0
1199,1199,34,female,h_123570000,1,Default,1,,0,0
1200,1200,31,female,h_124649000,1,Default,1,,0,0
1202,1202,15,male,h_123757000,1,Default,1,,0,0
1203,1203,50,male,h_123803000,1,Default,1,,0,0
1204,1204,70,female,h_123934000,1,Default,1,,0,0
1205,1205,18,male,h_123170000,1,Default,1,,0,0
1206,1206,33,female,h_124078000,1,Default,1,,0,0
1248,1248,19,female,h_129363000,1,Default,1,,0,0
1249,1249,17,female,h_129728000,1,Default,1,,0,0
1250,1250,5,female,h_129056000,1,Default,1,,0,0
1251,1251,6,male,h_128982000,1,Default,1,,0,0
1252,1252,5,female,h_129298000,1,Default,1,,0,0
1253,1253,27,male,h_129751000,1,Default,1,,0,0
1254,1254,88,female,h_129704000,1,Default,1,,0,0
1255,1255,2,female,h_129489000,1,Default,1,,0,0
1256,1256,24,male,h_129542000,1,Default,1,,0,0
1257,1257,10,male,h_129415000,1,Default,1,,0,0
1258,1258,22,male,h_129533000,1,Default,1,,0,0
1259,1259,2,female,h_160254000,1,Default,1,,0,0
1260,1260,13,female,h_129426000,1,Default,1,,0,0
1207,1207,0,female,h_125598000,1,Default,1,,0,0
1208,1208,2,female,h_125753000,1,Default,1,,0,0
1209,1209,8,male,h_126440000,1,Default,1,,0,0
1210,1210,22,male,h_126086000,1,Default,1,,0,0
1211,1211,17,male,h_125994000,1,Default,1,,0,0
1212,1212,29,male,h_126762000,1,Default,1,,0,0
1213,1213,2,male,h_125030000,1,Default,1,,0,0
1214,1214,10,male,h_126534000,1,Default,1,,0,0
1215,1215,18,male,h_125090000,1,Default,1,,0,0
1216,1216,12,male,h_125469000,1,Default,1,,0,0
1217,1217,12,male,h_126028000,1,Default,1,,0,0
1218,1218,48,male,h_126243000,1,Default,1,,0,0
1219,1219,17,female,h_126544000,1,Default,1,,0,0
1220,1220,21,female,h_125668000,1,Default,1,,0,0
1221,1221,9,male,h_126291000,1,Default,1,,0,0
1222,1222,11,female,h_125178000,1,Default,1,,0,0
1223,1223,7,male,h_126592000,1,Default,1,,0,0
1224,1224,15,female,h_125766000,1,Default,1,,0,0
1225,1225,75,male,h_126560000,1,Default,1,,0,0
1226,1226,0,female,h_125154000,1,Default,1,,0,0
1227,1227,5,female,h_127801000,1,Default,1,,0,0
1228,1228,12,female,h_128844000,1,Default,1,,0,0
1229,1229,46,female,h_127217000,1,Default,1,,0,0
1230,1230,8,male,h_127313000,1,Default,1,,0,0
1231,1231,65,male,h_128803000,1,Default,1,,0,0
1232,1232,9,male,h_128463000,1,Default,1,,0,0
1233,1233,48,male,h_128642000,1,Default,1,,0,0
1234,1234,26,female,h_128560000,1,Default,1,,0,0
1235,1235,1,female,h_128373000,1,Default,1,,0,0
1236,1236,15,female,h_127026000,1,Default,1,,0,0
1237,1237,60,female,h_128157000,1,Default,1,,0,0
1238,1238,23,female,h_128407000,1,Default,1,,0,0
1239,1239,4,female,h_127865000,1,Default,1,,0,0
1240,1240,28,female,h_128272000,1,Default,1,,0,0
1241,1241,5,male,h_128208000,1,Default,1,,0,0
1242,1242,6,male,h_128311000,1,Default,1,,0,0
1243,1243,11,male,h_128280000,1,Default,1,,0,0
1245,1245,2,male,h_128061000,1,Default,1,,0,0
1246,1246,14,female,h_127195000,1,Default,1,,0,0
1247,1247,26,female,h_128871000,1,Default,1,,0,0
740,740,11,male,h_78805000,1,Default,1,,0,0
741,741,14,male,h_78244000,1,Default,1,,0,0
742,742,22,female,h_78273000,1,Default,1,,0,0
743,743,12,male,h_78409000,1,Default,1,,0,0
744,744,4,male,h_78159000,1,Default,1,,0,0
745,745,22,female,h_77794000,1,Default,1,,0,0
746,746,20,female,h_79042000,1,Default,1,,0,0
747,747,12,male,h_79310000,1,Default,1,,0,0
748,748,5,male,h_78166000,1,Default,1,,0,0
749,749,2,female,h_78126000,1,Default,1,,0,0
750,750,4,male,h_78834000,1,Default,1,,0,0
751,751,21,male,h_79256000,1,Default,1,,0,0
752,752,1,male,h_78335000,1,Default,1,,0,0
753,753,1,male,h_78815000,1,Default,1,,0,0
754,754,0,male,h_77968000,1,Default,1,,0,0
755,755,24,female,h_78787000,1,Default,1,,0,0
104,104,36,male,h_12574000,1,Default,1,,0,0
105,105,56,female,h_12965000,1,Default,1,,0,0
106,106,28,female,h_12275000,1,Default,1,,0,0
107,107,22,male,h_12417000,1,Default,1,,0,0
108,108,2,male,h_13015000,1,Default,1,,0,0
109,109,29,male,h_12088000,1,Default,1,,0,0
110,110,37,male,h_11560000,1,Default,1,,0,0
111,111,39,male,h_12861000,1,Default,1,,0,0
112,112,11,male,h_12799000,1,Default,1,,0,0
113,113,38,male,h_13027000,1,Default,1,,0,0
114,114,44,female,h_13036000,1,Default,1,,0,0
115,115,38,male,h_11419000,1,Default,1,,0,0
116,116,7,male,h_12567000,1,Default,1,,0,0
117,117,29,male,h_12922000,1,Default,1,,0,0
118,118,33,female,h_12358000,1,Default,1,,0,0
119,119,18,male,h_12762000,1,Default,1,,0,0
756,756,23,male,h_79705000,1,Default,1,,0,0
757,757,13,female,h_79619000,1,Default,1,,0,0
758,758,30,male,h_79588000,1,Default,1,,0,0
759,759,8,female,h_79489000,1,Default,1,,0,0
760,760,8,male,h_79919000,1,Default,1,,0,0
761,761,12,female,h_79732000,1,Default,1,,0,0
762,762,3,male,h_79732000,1,Default,1,,0,0
763,763,7,male,h_80591000,1,Default,1,,0,0
764,764,10,male,h_80369000,1,Default,1,,0,0
765,765,14,female,h_80254000,1,Default,1,,0,0
814,814,0,male,h_85544000,1,Default,1,,0,0
815,815,49,male,h_85568000,1,Default,1,,0,0
816,816,25,male,h_85328000,1,Default,1,,0,0
817,817,11,female,h_85572000,1,Default,1,,0,0
818,818,9,male,h_85684000,1,Default,1,,0,0
819,819,26,male,h_85449000,1,Default,1,,0,0
820,820,6,female,h_85409000,1,Default,1,,0,0
821,821,45,male,h_85929000,1,Default,1,,0,0
822,822,35,male,h_85893000,1,Default,1,,0,0
823,823,30,female,h_159452000,1,Default,1,,0,0
824,824,10,female,h_85735000,1,Default,1,,0,0
825,825,1,male,h_85834000,1,Default,1,,0,0
826,826,24,female,h_85729000,1,Default,1,,0,0
766,766,12,male,h_81082000,1,Default,1,,0,0
767,767,5,female,h_81316000,1,Default,1,,0,0
768,768,49,female,h_81631000,1,Default,1,,0,0
769,769,38,female,h_81467000,1,Default,1,,0,0
770,770,34,male,h_81071000,1,Default,1,,0,0
771,771,11,female,h_81703000,1,Default,1,,0,0
773,773,38,female,h_81462000,1,Default,1,,0,0
774,774,4,male,h_81772000,1,Default,1,,0,0
775,775,10,male,h_81228000,1,Default,1,,0,0
776,776,9,female,h_81664000,1,Default,1,,0,0
777,777,59,male,h_81510000,1,Default,1,,0,0
778,778,12,female,h_81790000,1,Default,1,,0,0
779,779,9,male,h_81959000,1,Default,1,,0,0
780,780,34,male,h_82912000,1,Default,1,,0,0
781,781,58,female,h_81961000,1,Default,1,,0,0
782,782,29,female,h_82919000,1,Default,1,,0,0
783,783,14,male,h_82764000,1,Default,1,,0,0
784,784,22,female,h_81817000,1,Default,1,,0,0
785,785,23,female,h_82060000,1,Default,1,,0,0
786,786,60,female,h_82175000,1,Default,1,,0,0
787,787,76,female,h_82496000,1,Default,1,,0,0
788,788,35,male,h_82324000,1,Default,1,,0,0
789,789,34,female,h_82473000,1,Default,1,,0,0
790,790,32,female,h_83327000,1,Default,1,,0,0
791,791,4,female,h_83237000,1,Default,1,,0,0
792,792,2,female,h_83239000,1,Default,1,,0,0
793,793,30,female,h_83649000,1,Default,1,,0,0
794,794,25,female,h_83338000,1,Default,1,,0,0
795,795,54,male,h_83584000,1,Default,1,,0,0
796,796,27,female,h_83755000,1,Default,1,,0,0
797,797,5,female,h_83346000,1,Default,1,,0,0
798,798,54,male,h_83628000,1,Default,1,,0,0
799,799,11,female,h_83186000,1,Default,1,,0,0
800,800,9,male,h_83960000,1,Default,1,,0,0
801,801,5,male,h_159402000,1,Default,1,,0,0
802,802,14,female,h_83740000,1,Default,1,,0,0
803,803,2,male,h_83908000,1,Default,1,,0,0
804,804,4,male,h_84253000,1,Default,1,,0,0
805,805,66,male,h_84874000,1,Default,1,,0,0
806,806,1,male,h_84773000,1,Default,1,,0,0
807,807,3,male,h_85205000,1,Default,1,,0,0
808,808,8,female,h_85110000,1,Default,1,,0,0
809,809,24,female,h_84374000,1,Default,1,,0,0
810,810,46,female,h_84772000,1,Default,1,,0,0
811,811,21,male,h_85215000,1,Default,1,,0,0
812,812,33,female,h_84581000,1,Default,1,,0,0
813,813,9,male,h_84563000,1,Default,1,,0,0
827,827,54,female,h_86646000,1,Default,1,,0,0
828,828,12,male,h_87078000,1,Default,1,,0,0
829,829,3,female,h_86429000,1,Default,1,,0,0
830,830,9,male,h_86946000,1,Default,1,,0,0
831,831,9,male,h_86995000,1,Default,1,,0,0
832,832,1,female,h_86324000,1,Default,1,,0,0
833,833,3,female,h_86552000,1,Default,1,,0,0
834,834,41,male,h_86990000,1,Default,1,,0,0
835,835,1,female,h_86278000,1,Default,1,,0,0
836,836,7,male,h_86849000,1,Default,1,,0,0
837,837,12,male,h_86629000,1,Default,1,,0,0
903,903,23,female,h_160477000,1,Default,1,,0,0
904,904,35,female,h_94192000,1,Default,1,,0,0
905,905,38,male,h_94272000,1,Default,1,,0,0
838,838,15,female,h_87920000,1,Default,1,,0,0
839,839,16,male,h_87722000,1,Default,1,,0,0
840,840,6,female,h_87922000,1,Default,1,,0,0
841,841,12,female,h_87932000,1,Default,1,,0,0
842,842,0,female,h_87912000,1,Default,1,,0,0
843,843,4,male,h_88154000,1,Default,1,,0,0
844,844,41,male,h_87587000,1,Default,1,,0,0
845,845,72,female,h_87915000,1,Default,1,,0,0
846,846,7,male,h_87621000,1,Default,1,,0,0
847,847,23,female,h_87539000,1,Default,1,,0,0
848,848,14,female,h_87125000,1,Default,1,,0,0
858,858,35,male,h_90112000,1,Default,1,,0,0
859,859,27,female,h_90275000,1,Default,1,,0,0
860,860,28,male,h_89777000,1,Default,1,,0,0
861,861,36,female,h_90023000,1,Default,1,,0,0
862,862,2,female,h_89834000,1,Default,1,,0,0
863,863,56,male,h_89294000,1,Default,1,,0,0
865,865,17,male,h_90311000,1,Default,1,,0,0
866,866,27,female,h_89766000,1,Default,1,,0,0
867,867,65,male,h_89199000,1,Default,1,,0,0
868,868,4,male,h_89788000,1,Default,1,,0,0
869,869,17,female,h_89422000,1,Default,1,,0,0
870,870,26,female,h_89459000,1,Default,1,,0,0
900,900,53,male,h_93405000,1,Default,1,,0,0
901,901,30,female,h_93620000,1,Default,1,,0,0
902,902,34,female,h_93530000,1,Default,1,,0,0
871,871,9,male,h_90678000,1,Default,1,,0,0
872,872,13,male,h_91040000,1,Default,1,,0,0
873,873,34,male,h_90871000,1,Default,1,,0,0
874,874,13,male,h_90377000,1,Default,1,,0,0
875,875,15,female,h_91185000,1,Default,1,,0,0
876,876,46,female,h_91345000,1,Default,1,,0,0
877,877,16,female,h_90986000,1,Default,1,,0,0
878,878,4,male,h_91157000,1,Default,1,,0,0
879,879,15,male,h_91177000,1,Default,1,,0,0
880,880,12,male,h_90844000,1,Default,1,,0,0
881,881,20,female,h_91380000,1,Default,1,,0,0
120,120,13,female,h_15813000,1,Default,1,,0,0
121,121,18,male,h_15955000,1,Default,1,,0,0
122,122,8,female,h_15166000,1,Default,1,,0,0
123,123,14,female,h_15632000,1,Default,1,,0,0
124,124,0,female,h_13223000,1,Default,1,,0,0
125,125,60,female,h_15470000,1,Default,1,,0,0
126,126,60,female,h_14092000,1,Default,1,,0,0
127,127,7,male,h_14323000,1,Default,1,,0,0
128,128,21,male,h_13722000,1,Default,1,,0,0
129,129,7,female,h_14713000,1,Default,1,,0,0
130,130,9,male,h_158265000,1,Default,1,,0,0
131,131,47,female,h_13702000,1,Default,1,,0,0
132,132,14,female,h_14641000,1,Default,1,,0,0
133,133,43,female,h_15122000,1,Default,1,,0,0
134,134,14,female,h_15383000,1,Default,1,,0,0
135,135,6,female,h_14552000,1,Default,1,,0,0
136,136,16,female,h_13164000,1,Default,1,,0,0
137,137,25,female,h_13932000,1,Default,1,,0,0
138,138,12,female,h_15249000,1,Default,1,,0,0
139,139,6,female,h_13776000,1,Default,1,,0,0
140,140,28,female,h_13287000,1,Default,1,,0,0
141,141,0,male,h_15372000,1,Default,1,,0,0
142,142,29,male,h_14052000,1,Default,1,,0,0
143,143,40,male,h_16209000,1,Default,1,,0,0
144,144,13,female,h_15798000,1,Default,1,,0,0
145,145,32,female,h_13380000,1,Default,1,,0,0
146,146,30,female,h_15701000,1,Default,1,,0,0
147,147,17,male,h_14990000,1,Default,1,,0,0
148,148,9,male,h_15231000,1,Default,1,,0,0
149,149,21,female,h_13806000,1,Default,1,,0,0
150,150,73,female,h_15769000,1,Default,1,,0,0
151,151,40,female,h_14471000,1,Default,1,,0,0
152,152,37,male,h_14372000,1,Default,1,,0,0
153,153,34,male,h_13133000,1,Default,1,,0,0
154,154,12,male,h_16172000,1,Default,1,,0,0
276,276,17,female,h_29107000,1,Default,1,,0,0
277,277,2,female,h_29239000,1,Default,1,,0,0
849,849,27,female,h_88715000,1,Default,1,,0,0
850,850,27,female,h_88188000,1,Default,1,,0,0
851,851,17,female,h_88636000,1,Default,1,,0,0
852,852,6,female,h_88686000,1,Default,1,,0,0
853,853,27,female,h_94293000,1,Default,1,,0,0
855,855,9,female,h_88456000,1,Default,1,,0,0
856,856,26,female,h_88602000,1,Default,1,,0,0
857,857,23,male,h_88549000,1,Default,1,,0,0
882,882,58,female,h_91567000,1,Default,1,,0,0
883,883,22,female,h_92580000,1,Default,1,,0,0
884,884,3,female,h_91862000,1,Default,1,,0,0
885,885,4,male,h_92383000,1,Default,1,,0,0
886,886,39,male,h_91565000,1,Default,1,,0,0
887,887,56,male,h_91886000,1,Default,1,,0,0
888,888,15,male,h_92074000,1,Default,1,,0,0
889,889,0,male,h_92347000,1,Default,1,,0,0
890,890,16,female,h_91990000,1,Default,1,,0,0
891,891,17,female,h_91737000,1,Default,1,,0,0
892,892,14,female,h_91890000,1,Default,1,,0,0
893,893,21,male,h_93029000,1,Default,1,,0,0
894,894,62,male,h_92647000,1,Default,1,,0,0
895,895,2,male,h_93326000,1,Default,1,,0,0
896,896,2,female,h_93159000,1,Default,1,,0,0
897,897,21,female,h_92856000,1,Default,1,,0,0
898,898,7,male,h_92830000,1,Default,1,,0,0
899,899,11,female,h_92743000,1,Default,1,,0,0
906,906,7,male,h_95131000,1,Default,1,,0,0
907,907,14,female,h_95037000,1,Default,1,,0,0
908,908,30,female,h_94515000,1,Default,1,,0,0
909,909,2,male,h_94550000,1,Default,1,,0,0
910,910,65,female,h_94859000,1,Default,1,,0,0
911,911,31,female,h_95172000,1,Default,1,,0,0
912,912,9,female,h_95019000,1,Default,1,,0,0
913,913,17,male,h_94808000,1,Default,1,,0,0
914,914,1,male,h_94954000,1,Default,1,,0,0
915,915,22,female,h_95676000,1,Default,1,,0,0
916,916,14,male,h_97325000,1,Default,1,,0,0
917,917,2,male,h_97702000,1,Default,1,,0,0
918,918,6,male,h_97866000,1,Default,1,,0,0
919,919,7,female,h_96749000,1,Default,1,,0,0
920,920,35,male,h_96129000,1,Default,1,,0,0
921,921,14,female,h_97729000,1,Default,1,,0,0
922,922,40,male,h_97721000,1,Default,1,,0,0
923,923,0,male,h_96416000,1,Default,1,,0,0
924,924,7,male,h_95632000,1,Default,1,,0,0
926,926,3,male,h_96851000,1,Default,1,,0,0
927,927,3,male,h_95693000,1,Default,1,,0,0
928,928,39,female,h_96880000,1,Default,1,,0,0
929,929,11,female,h_96811000,1,Default,1,,0,0
930,930,30,female,h_95926000,1,Default,1,,0,0
931,931,25,male,h_96989000,1,Default,1,,0,0
932,932,17,female,h_97871000,1,Default,1,,0,0
933,933,14,female,h_97387000,1,Default,1,,0,0
934,934,16,female,h_95675000,1,Default,1,,0,0
935,935,18,male,h_97427000,1,Default,1,,0,0
936,936,2,male,h_96903000,1,Default,1,,0,0
937,937,22,female,h_96873000,1,Default,1,,0,0
938,938,29,male,h_97645000,1,Default,1,,0,0
939,939,9,female,h_97783000,1,Default,1,,0,0
940,940,22,male,h_97816000,1,Default,1,,0,0
941,941,1,female,h_96830000,1,Default,1,,0,0
942,942,26,male,h_97115000,1,Default,1,,0,0
943,943,16,female,h_101042000,1,Default,1,,0,0
944,944,1,female,h_100125000,1,Default,1,,0,0
945,945,29,female,h_100756000,1,Default,1,,0,0
946,946,20,female,h_99454000,1,Default,1,,0,0
947,947,44,male,h_99703000,1,Default,1,,0,0
948,948,24,female,h_99794000,1,Default,1,,0,0
949,949,22,female,h_100014000,1,Default,1,,0,0
950,950,5,male,h_100719000,1,Default,1,,0,0
951,951,50,male,h_98094000,1,Default,1,,0,0
952,952,11,male,h_99531000,1,Default,1,,0,0
953,953,6,male,h_99713000,1,Default,1,,0,0
954,954,1,female,h_100900000,1,Default,1,,0,0
955,955,31,male,h_99289000,1,Default,1,,0,0
956,956,23,male,h_99167000,1,Default,1,,0,0
957,957,6,male,h_99962000,1,Default,1,,0,0
958,958,37,female,h_99131000,1,Default,1,,0,0
959,959,56,female,h_99428000,1,Default,1,,0,0
960,960,21,male,h_98531000,1,Default,1,,0,0
961,961,27,female,h_99666000,1,Default,1,,0,0
962,962,2,male,h_101123000,1,Default,1,,0,0
963,963,30,male,h_99822000,1,Default,1,,0,0
964,964,18,male,h_98105000,1,Default,1,,0,0
965,965,15,female,h_99519000,1,Default,1,,0,0
966,966,10,female,h_98934000,1,Default,1,,0,0
967,967,28,female,h_98508000,1,Default,1,,0,0
968,968,13,male,h_99844000,1,Default,1,,0,0
969,969,7,female,h_100274000,1,Default,1,,0,0
970,970,57,female,h_100241000,1,Default,1,,0,0
971,971,10,male,h_100451000,1,Default,1,,0,0
972,972,21,male,h_101142000,1,Default,1,,0,0
973,973,5,male,h_100813000,1,Default,1,,0,0
974,974,0,male,h_159661000,1,Default,1,,0,0
975,975,17,female,h_100697000,1,Default,1,,0,0
976,976,47,female,h_98095000,1,Default,1,,0,0
977,977,40,female,h_99040000,1,Default,1,,0,0
978,978,6,female,h_101176000,1,Default,1,,0,0
1087,1087,2,male,h_112704000,1,Default,1,,0,0
1088,1088,6,male,h_112465000,1,Default,1,,0,0
979,979,7,female,h_159672000,1,Default,1,,0,0
980,980,16,female,h_101469000,1,Default,1,,0,0
981,981,7,female,h_102066000,1,Default,1,,0,0
982,982,33,female,h_102037000,1,Default,1,,0,0
983,983,15,male,h_101984000,1,Default,1,,0,0
984,984,30,female,h_101455000,1,Default,1,,0,0
985,985,39,male,h_101408000,1,Default,1,,0,0
986,986,5,male,h_101828000,1,Default,1,,0,0
1049,1049,29,female,h_108480000,1,Default,1,,0,0
1050,1050,16,female,h_109945000,1,Default,1,,0,0
1051,1051,12,male,h_109860000,1,Default,1,,0,0
1052,1052,18,female,h_108360000,1,Default,1,,0,0
1053,1053,13,male,h_108622000,1,Default,1,,0,0
1054,1054,25,male,h_108193000,1,Default,1,,0,0
1055,1055,19,female,h_108814000,1,Default,1,,0,0
1056,1056,0,male,h_108102000,1,Default,1,,0,0
1057,1057,23,male,h_109467000,1,Default,1,,0,0
1058,1058,15,male,h_108758000,1,Default,1,,0,0
1059,1059,33,male,h_109743000,1,Default,1,,0,0
1060,1060,33,male,h_109886000,1,Default,1,,0,0
1061,1061,72,female,h_108606000,1,Default,1,,0,0
1062,1062,40,male,h_108671000,1,Default,1,,0,0
1063,1063,21,female,h_109266000,1,Default,1,,0,0
1064,1064,19,male,h_109288000,1,Default,1,,0,0
1065,1065,27,female,h_108392000,1,Default,1,,0,0
1066,1066,53,female,h_109170000,1,Default,1,,0,0
1067,1067,5,male,h_108257000,1,Default,1,,0,0
1068,1068,22,female,h_109983000,1,Default,1,,0,0
1069,1069,5,female,h_109228000,1,Default,1,,0,0
987,987,12,female,h_103824000,1,Default,1,,0,0
988,988,32,female,h_103456000,1,Default,1,,0,0
989,989,13,female,h_103594000,1,Default,1,,0,0
990,990,34,female,h_103598000,1,Default,1,,0,0
991,991,11,male,h_102627000,1,Default,1,,0,0
992,992,3,male,h_103440000,1,Default,1,,0,0
993,993,10,female,h_103553000,1,Default,1,,0,0
994,994,77,female,h_103084000,1,Default,1,,0,0
995,995,41,female,h_104083000,1,Default,1,,0,0
996,996,52,male,h_103346000,1,Default,1,,0,0
997,997,29,male,h_103984000,1,Default,1,,0,0
998,998,38,female,h_103634000,1,Default,1,,0,0
999,999,5,female,h_104281000,1,Default,1,,0,0
1000,1000,21,female,h_103409000,1,Default,1,,0,0
1001,1001,43,male,h_104085000,1,Default,1,,0,0
1002,1002,28,male,h_104231000,1,Default,1,,0,0
1003,1003,11,female,h_103860000,1,Default,1,,0,0
1004,1004,76,female,h_104020000,1,Default,1,,0,0
1005,1005,40,female,h_103548000,1,Default,1,,0,0
1006,1006,16,female,h_103541000,1,Default,1,,0,0
1007,1007,2,female,h_102814000,1,Default,1,,0,0
1070,1070,23,male,h_110312000,1,Default,1,,0,0
1071,1071,36,female,h_110605000,1,Default,1,,0,0
1072,1072,12,male,h_111016000,1,Default,1,,0,0
1073,1073,5,female,h_110907000,1,Default,1,,0,0
1074,1074,44,female,h_111267000,1,Default,1,,0,0
1075,1075,37,male,h_110166000,1,Default,1,,0,0
1076,1076,20,female,h_111270000,1,Default,1,,0,0
1077,1077,22,male,h_110166000,1,Default,1,,0,0
1078,1078,3,male,h_110123000,1,Default,1,,0,0
1079,1079,43,female,h_111260000,1,Default,1,,0,0
1080,1080,12,male,h_111378000,1,Default,1,,0,0
1081,1081,11,female,h_111630000,1,Default,1,,0,0
1082,1082,1,female,h_111456000,1,Default,1,,0,0
1083,1083,1,female,h_111786000,1,Default,1,,0,0
1084,1084,3,male,h_111653000,1,Default,1,,0,0
1008,1008,8,female,h_104885000,1,Default,1,,0,0
1009,1009,35,female,h_105056000,1,Default,1,,0,0
1010,1010,19,male,h_106149000,1,Default,1,,0,0
1011,1011,23,female,h_105194000,1,Default,1,,0,0
1012,1012,29,male,h_106209000,1,Default,1,,0,0
1013,1013,5,male,h_105282000,1,Default,1,,0,0
1014,1014,42,male,h_105205000,1,Default,1,,0,0
1015,1015,1,female,h_105081000,1,Default,1,,0,0
1016,1016,34,female,h_105377000,1,Default,1,,0,0
1017,1017,1,female,h_105808000,1,Default,1,,0,0
1018,1018,16,male,h_105213000,1,Default,1,,0,0
1019,1019,16,male,h_106109000,1,Default,1,,0,0
1020,1020,9,female,h_105624000,1,Default,1,,0,0
1021,1021,3,female,h_105159000,1,Default,1,,0,0
1022,1022,22,female,h_105972000,1,Default,1,,0,0
1023,1023,23,female,h_105288000,1,Default,1,,0,0
1024,1024,33,male,h_106038000,1,Default,1,,0,0
1025,1025,18,female,h_105710000,1,Default,1,,0,0
1026,1026,17,male,h_106150000,1,Default,1,,0,0
1027,1027,0,female,h_104444000,1,Default,1,,0,0
1028,1028,14,female,h_104429000,1,Default,1,,0,0
1029,1029,57,female,h_106041000,1,Default,1,,0,0
1030,1030,21,male,h_106423000,1,Default,1,,0,0
1031,1031,66,female,h_106505000,1,Default,1,,0,0
1032,1032,7,male,h_106737000,1,Default,1,,0,0
1033,1033,10,male,h_107097000,1,Default,1,,0,0
1034,1034,30,male,h_107095000,1,Default,1,,0,0
1035,1035,12,male,h_107141000,1,Default,1,,0,0
1036,1036,14,male,h_106837000,1,Default,1,,0,0
1037,1037,29,male,h_106953000,1,Default,1,,0,0
1089,1089,14,male,h_113022000,1,Default,1,,0,0
1090,1090,51,female,h_112889000,1,Default,1,,0,0
1091,1091,4,female,h_113064000,1,Default,1,,0,0
155,155,0,male,h_18499000,1,Default,1,,0,0
156,156,14,female,h_18847000,1,Default,1,,0,0
157,157,18,male,h_18321000,1,Default,1,,0,0
158,158,2,female,h_17553000,1,Default,1,,0,0
159,159,49,male,h_18048000,1,Default,1,,0,0
160,160,54,female,h_17454000,1,Default,1,,0,0
161,161,0,female,h_18378000,1,Default,1,,0,0
162,162,2,male,h_18400000,1,Default,1,,0,0
163,163,7,male,h_16577000,1,Default,1,,0,0
164,164,5,female,h_18272000,1,Default,1,,0,0
165,165,27,male,h_19186000,1,Default,1,,0,0
166,166,17,male,h_16551000,1,Default,1,,0,0
167,167,37,male,h_160626000,1,Default,1,,0,0
168,168,13,female,h_19166000,1,Default,1,,0,0
169,169,35,female,h_17464000,1,Default,1,,0,0
170,170,32,female,h_18748000,1,Default,1,,0,0
171,171,12,male,h_18521000,1,Default,1,,0,0
172,172,23,male,h_19021000,1,Default,1,,0,0
173,173,29,female,h_19004000,1,Default,1,,0,0
174,174,31,male,h_18154000,1,Default,1,,0,0
175,175,17,female,h_19159000,1,Default,1,,0,0
176,176,18,male,h_18259000,1,Default,1,,0,0
177,177,10,female,h_17572000,1,Default,1,,0,0
178,178,32,male,h_18510000,1,Default,1,,0,0
179,179,34,male,h_19226000,1,Default,1,,0,0
180,180,13,male,h_17848000,1,Default,1,,0,0
181,181,13,female,h_18279000,1,Default,1,,0,0
182,182,29,female,h_17082000,1,Default,1,,0,0
269,269,17,female,h_28545000,1,Default,1,,0,0
270,270,19,female,h_28809000,1,Default,1,,0,0
271,271,18,male,h_28811000,1,Default,1,,0,0
272,272,22,female,h_28800000,1,Default,1,,0,0
273,273,44,male,h_28875000,1,Default,1,,0,0
274,274,22,male,h_28839000,1,Default,1,,0,0
275,275,9,male,h_28814000,1,Default,1,,0,0
1038,1038,13,male,h_107530000,1,Default,1,,0,0
1039,1039,34,male,h_107341000,1,Default,1,,0,0
1040,1040,2,male,h_107396000,1,Default,1,,0,0
1041,1041,37,male,h_107875000,1,Default,1,,0,0
1042,1042,29,female,h_107773000,1,Default,1,,0,0
1043,1043,59,female,h_107864000,1,Default,1,,0,0
1044,1044,28,female,h_107782000,1,Default,1,,0,0
1045,1045,1,male,h_107949000,1,Default,1,,0,0
1046,1046,12,female,h_107738000,1,Default,1,,0,0
1047,1047,38,female,h_107940000,1,Default,1,,0,0
1048,1048,38,female,h_107831000,1,Default,1,,0,0
1085,1085,1,male,h_112265000,1,Default,1,,0,0
1086,1086,6,female,h_112181000,1,Default,1,,0,0
183,183,9,male,h_20808000,1,Default,1,,0,0
184,184,31,female,h_19788000,1,Default,1,,0,0
185,185,2,male,h_19684000,1,Default,1,,0,0
186,186,17,male,h_20134000,1,Default,1,,0,0
187,187,1,male,h_22106000,1,Default,1,,0,0
188,188,15,male,h_20027000,1,Default,1,,0,0
189,189,5,male,h_19856000,1,Default,1,,0,0
190,190,21,female,h_158628000,1,Default,1,,0,0
191,191,30,female,h_20796000,1,Default,1,,0,0
192,192,8,male,h_19623000,1,Default,1,,0,0
193,193,4,male,h_19568000,1,Default,1,,0,0
195,195,1,male,h_19504000,1,Default,1,,0,0
196,196,28,male,h_21931000,1,Default,1,,0,0
197,197,31,female,h_20381000,1,Default,1,,0,0
198,198,3,female,h_20347000,1,Default,1,,0,0
199,199,7,female,h_22237000,1,Default,1,,0,0
200,200,39,male,h_21297000,1,Default,1,,0,0
201,201,82,female,h_20423000,1,Default,1,,0,0
202,202,19,female,h_22320000,1,Default,1,,0,0
203,203,48,female,h_20527000,1,Default,1,,0,0
204,204,2,male,h_21418000,1,Default,1,,0,0
205,205,22,male,h_19451000,1,Default,1,,0,0
206,206,4,male,h_19789000,1,Default,1,,0,0
207,207,5,male,h_20829000,1,Default,1,,0,0
208,208,8,female,h_21984000,1,Default,1,,0,0
209,209,3,female,h_22195000,1,Default,1,,0,0
210,210,31,female,h_160629000,1,Default,1,,0,0
211,211,20,female,h_22359000,1,Default,1,,0,0
246,246,21,male,h_27867000,1,Default,1,,0,0
247,247,12,female,h_26262000,1,Default,1,,0,0
249,249,3,male,h_27438000,1,Default,1,,0,0
250,250,3,female,h_27289000,1,Default,1,,0,0
251,251,16,male,h_27462000,1,Default,1,,0,0
252,252,30,male,h_27289000,1,Default,1,,0,0
253,253,1,male,h_158766000,1,Default,1,,0,0
254,254,57,male,h_26793000,1,Default,1,,0,0
255,255,16,female,h_27131000,1,Default,1,,0,0
256,256,2,female,h_26369000,1,Default,1,,0,0
257,257,17,female,h_27491000,1,Default,1,,0,0
258,258,32,male,h_27667000,1,Default,1,,0,0
259,259,8,male,h_27010000,1,Default,1,,0,0
260,260,40,male,h_26558000,1,Default,1,,0,0
261,261,3,male,h_26977000,1,Default,1,,0,0
262,262,29,female,h_27259000,1,Default,1,,0,0
263,263,1,female,h_28221000,1,Default,1,,0,0
264,264,31,female,h_27880000,1,Default,1,,0,0
265,265,28,male,h_26397000,1,Default,1,,0,0
266,266,44,female,h_28483000,1,Default,1,,0,0
267,267,19,female,h_26325000,1,Default,1,,0,0
268,268,20,male,h_28295000,1,Default,1,,0,0
212,212,35,male,h_22843000,1,Default,1,,0,0
213,213,4,male,h_23471000,1,Default,1,,0,0
214,214,7,female,h_22428000,1,Default,1,,0,0
215,215,14,male,h_22490000,1,Default,1,,0,0
217,217,20,female,h_24062000,1,Default,1,,0,0
218,218,0,female,h_24409000,1,Default,1,,0,0
219,219,5,female,h_23356000,1,Default,1,,0,0
220,220,1,male,h_24278000,1,Default,1,,0,0
221,221,32,female,h_23502000,1,Default,1,,0,0
222,222,17,female,h_23375000,1,Default,1,,0,0
223,223,25,female,h_23426000,1,Default,1,,0,0
224,224,7,male,h_22794000,1,Default,1,,0,0
225,225,0,female,h_22392000,1,Default,1,,0,0
226,226,26,female,h_23841000,1,Default,1,,0,0
227,227,20,male,h_24108000,1,Default,1,,0,0
228,228,7,female,h_23340000,1,Default,1,,0,0
229,229,42,female,h_23411000,1,Default,1,,0,0
230,230,88,female,h_22869000,1,Default,1,,0,0
232,232,30,male,h_26157000,1,Default,1,,0,0
233,233,16,female,h_25815000,1,Default,1,,0,0
234,234,16,male,h_25386000,1,Default,1,,0,0
235,235,30,female,h_26016000,1,Default,1,,0,0
236,236,15,female,h_24765000,1,Default,1,,0,0
237,237,61,female,h_24544000,1,Default,1,,0,0
238,238,2,male,h_24935000,1,Default,1,,0,0
239,239,63,female,h_24745000,1,Default,1,,0,0
240,240,21,female,h_160636000,1,Default,1,,0,0
241,241,48,female,h_25967000,1,Default,1,,0,0
242,242,28,male,h_24705000,1,Default,1,,0,0
243,243,10,male,h_25437000,1,Default,1,,0,0
244,244,6,female,h_25345000,1,Default,1,,0,0
245,245,62,female,h_25068000,1,Default,1,,0,0
1201,1201,75,female,h_122836000,1,Default,1,,0,0
1244,1244,82,female,h_128327000,1,Default,1,,0,0
1347,1347,82,female,h_132459000,1,Default,1,,0,0
1315,1315,86,male,h_140145000,1,Default,1,,0,0
194,194,79,female,h_22368000,1,Default,1,,0,0
216,216,70,female,h_24364000,1,Default,1,,0,0
231,231,82,male,h_24770000,1,Default,1,,0,0
248,248,75,female,h_26643000,1,Default,1,,0,0
377,377,42,female,h_39428000,1,Default,1,,0,0
421,421,14,female,h_43827000,1,Default,1,,0,0
34,34,64,male,h_5167000,1,Default,1,,0,0
603,603,81,male,h_63630000,1,Default,1,,0,0
620,620,85,female,h_64390000,1,Default,1,,0,0
772,772,65,female,h_81607000,1,Default,1,,0,0
854,854,79,female,h_88852000,1,Default,1,,0,0
864,864,67,female,h_89990000,1,Default,1,,0,0
925,925,64,male,h_96101000,1,Default,1,,0,0